style,landmark_name,filename,label
Pagodas,ThienMuPagoda,Pagodas/ThienMuPagoda/ThienMuPagoda11.jpeg,0
Pagodas,ThienMuPagoda,Pagodas/ThienMuPagoda/ThienMuPagoda6.jpeg,0
Pagodas,ThienMuPagoda,Pagodas/ThienMuPagoda/ThienMuPagoda0.jpeg,0
Pagodas,ThienMuPagoda,Pagodas/ThienMuPagoda/ThienMuPagoda10.jpeg,0
Pagodas,ThienMuPagoda,Pagodas/ThienMuPagoda/ThienMuPagoda16.jpeg,0
Pagodas,ThienMuPagoda,Pagodas/ThienMuPagoda/ThienMuPagoda9.jpeg,0
Pagodas,ThienMuPagoda,Pagodas/ThienMuPagoda/ThienMuPagoda3.jpeg,0
Pagodas,ThienMuPagoda,Pagodas/ThienMuPagoda/ThienMuPagoda1.jpeg,0
Pagodas,ThienMuPagoda,Pagodas/ThienMuPagoda/ThienMuPagoda15.jpeg,0
Pagodas,ThienMuPagoda,Pagodas/ThienMuPagoda/ThienMuPagoda19.jpeg,0
Pagodas,ThienMuPagoda,Pagodas/ThienMuPagoda/ThienMuPagoda13.jpeg,0
Pagodas,ThienMuPagoda,Pagodas/ThienMuPagoda/ThienMuPagoda12.jpeg,0
Pagodas,ThienMuPagoda,Pagodas/ThienMuPagoda/ThienMuPagoda14.jpeg,0
Pagodas,ThienMuPagoda,Pagodas/ThienMuPagoda/ThienMuPagoda5.jpeg,0
Pagodas,GiantWildGoosePagoda,Pagodas/GiantWildGoosePagoda/GiantWildGoosePagoda-19.jpg,1
Pagodas,GiantWildGoosePagoda,Pagodas/GiantWildGoosePagoda/GiantWildGoosePagoda-17.JPG,1
Pagodas,GiantWildGoosePagoda,Pagodas/GiantWildGoosePagoda/GiantWildGoosePagoda-13.jpg,1
Pagodas,GiantWildGoosePagoda,Pagodas/GiantWildGoosePagoda/GiantWildGoosePagoda-14.jpg,1
Pagodas,GiantWildGoosePagoda,Pagodas/GiantWildGoosePagoda/GiantWildGoosePagoda-15.jpg,1
Pagodas,GiantWildGoosePagoda,Pagodas/GiantWildGoosePagoda/GiantWildGoosePagoda-8.jpg,1
Pagodas,GiantWildGoosePagoda,Pagodas/GiantWildGoosePagoda/GiantWildGoosePagoda-0.jpg,1
Pagodas,GiantWildGoosePagoda,Pagodas/GiantWildGoosePagoda/GiantWildGoosePagoda-10.jpg,1
Pagodas,GiantWildGoosePagoda,Pagodas/GiantWildGoosePagoda/GiantWildGoosePagoda-6.jpg,1
Pagodas,GiantWildGoosePagoda,Pagodas/GiantWildGoosePagoda/GiantWildGoosePagoda-1.jpg,1
Pagodas,GiantWildGoosePagoda,Pagodas/GiantWildGoosePagoda/GiantWildGoosePagoda-2.jpg,1
Pagodas,GiantWildGoosePagoda,Pagodas/GiantWildGoosePagoda/GiantWildGoosePagoda-12.jpg,1
Pagodas,GiantWildGoosePagoda,Pagodas/GiantWildGoosePagoda/GiantWildGoosePagoda-11.jpg,1
Pagodas,GiantWildGoosePagoda,Pagodas/GiantWildGoosePagoda/GiantWildGoosePagoda-4.jpg,1
Pagodas,ShwedagonPagoda,Pagodas/ShwedagonPagoda/ShwedagonPagoda14.jpeg,2
Pagodas,ShwedagonPagoda,Pagodas/ShwedagonPagoda/ShwedagonPagoda12.jpeg,2
Pagodas,ShwedagonPagoda,Pagodas/ShwedagonPagoda/ShwedagonPagoda0.jpeg,2
Pagodas,ShwedagonPagoda,Pagodas/ShwedagonPagoda/ShwedagonPagoda3.jpeg,2
Pagodas,ShwedagonPagoda,Pagodas/ShwedagonPagoda/ShwedagonPagoda4.jpeg,2
Pagodas,ShwedagonPagoda,Pagodas/ShwedagonPagoda/ShwedagonPagoda19.jpeg,2
Pagodas,ShwedagonPagoda,Pagodas/ShwedagonPagoda/ShwedagonPagoda13.jpeg,2
Pagodas,ShwedagonPagoda,Pagodas/ShwedagonPagoda/ShwedagonPagoda5.jpeg,2
Pagodas,ShwedagonPagoda,Pagodas/ShwedagonPagoda/ShwedagonPagoda18.jpeg,2
Pagodas,ShwedagonPagoda,Pagodas/ShwedagonPagoda/ShwedagonPagoda11.jpeg,2
Pagodas,ShwedagonPagoda,Pagodas/ShwedagonPagoda/ShwedagonPagoda15.jpeg,2
Pagodas,ShwedagonPagoda,Pagodas/ShwedagonPagoda/ShwedagonPagoda1.jpeg,2
Pagodas,ShwedagonPagoda,Pagodas/ShwedagonPagoda/ShwedagonPagoda7.jpeg,2
Pagodas,ShwedagonPagoda,Pagodas/ShwedagonPagoda/ShwedagonPagoda16.jpeg,2
Pagodas,TianningTemplePagoda,Pagodas/TianningTemplePagoda/TianningTemplePagoda19.jpeg,3
Pagodas,TianningTemplePagoda,Pagodas/TianningTemplePagoda/TianningTemplePagoda4.jpeg,3
Pagodas,TianningTemplePagoda,Pagodas/TianningTemplePagoda/TianningTemplePagoda0.jpeg,3
Pagodas,TianningTemplePagoda,Pagodas/TianningTemplePagoda/TianningTemplePagoda1.jpeg,3
Pagodas,TianningTemplePagoda,Pagodas/TianningTemplePagoda/TianningTemplePagoda9.jpeg,3
Pagodas,TianningTemplePagoda,Pagodas/TianningTemplePagoda/TianningTemplePagoda6.jpeg,3
Pagodas,TianningTemplePagoda,Pagodas/TianningTemplePagoda/TianningTemplePagoda8.jpeg,3
Pagodas,TianningTemplePagoda,Pagodas/TianningTemplePagoda/TianningTemplePagoda16.jpeg,3
Pagodas,TianningTemplePagoda,Pagodas/TianningTemplePagoda/TianningTemplePagoda5.jpeg,3
Pagodas,TianningTemplePagoda,Pagodas/TianningTemplePagoda/TianningTemplePagoda18.jpeg,3
Pagodas,TianningTemplePagoda,Pagodas/TianningTemplePagoda/TianningTemplePagoda15.jpeg,3
Pagodas,TianningTemplePagoda,Pagodas/TianningTemplePagoda/TianningTemplePagoda12.jpeg,3
Pagodas,TianningTemplePagoda,Pagodas/TianningTemplePagoda/TianningTemplePagoda17.jpeg,3
Pagodas,TianningTemplePagoda,Pagodas/TianningTemplePagoda/TianningTemplePagoda7.jpeg,3
Pagodas,FogongTemplePagoda,Pagodas/FogongTemplePagoda/FogongTemplePagoda-15.jpg,4
Pagodas,FogongTemplePagoda,Pagodas/FogongTemplePagoda/FogongTemplePagoda-18.jpg,4
Pagodas,FogongTemplePagoda,Pagodas/FogongTemplePagoda/FogongTemplePagoda-6.jpg,4
Pagodas,FogongTemplePagoda,Pagodas/FogongTemplePagoda/FogongTemplePagoda-8.jpg,4
Pagodas,FogongTemplePagoda,Pagodas/FogongTemplePagoda/FogongTemplePagoda-12.jpg,4
Pagodas,FogongTemplePagoda,Pagodas/FogongTemplePagoda/FogongTemplePagoda-3.jpg,4
Pagodas,FogongTemplePagoda,Pagodas/FogongTemplePagoda/FogongTemplePagoda-11.jpg,4
Pagodas,FogongTemplePagoda,Pagodas/FogongTemplePagoda/FogongTemplePagoda-13.jpg,4
Pagodas,FogongTemplePagoda,Pagodas/FogongTemplePagoda/FogongTemplePagoda-4.jpg,4
Pagodas,FogongTemplePagoda,Pagodas/FogongTemplePagoda/FogongTemplePagoda-19.jpg,4
Pagodas,FogongTemplePagoda,Pagodas/FogongTemplePagoda/FogongTemplePagoda-1.jpg,4
Pagodas,FogongTemplePagoda,Pagodas/FogongTemplePagoda/FogongTemplePagoda-17.jpg,4
Pagodas,FogongTemplePagoda,Pagodas/FogongTemplePagoda/FogongTemplePagoda-9.jpg,4
Pagodas,FogongTemplePagoda,Pagodas/FogongTemplePagoda/FogongTemplePagoda-2.jpg,4
Pyramids,Santa Cecilia Acatitlan Pyramid,Pyramids/Santa Cecilia Acatitlan Pyramid/Santa Cecilia Acatitlan Pyramid-9.jpg,5
Pyramids,Santa Cecilia Acatitlan Pyramid,Pyramids/Santa Cecilia Acatitlan Pyramid/Santa Cecilia Acatitlan Pyramid-10.jpg,5
Pyramids,Santa Cecilia Acatitlan Pyramid,Pyramids/Santa Cecilia Acatitlan Pyramid/Santa Cecilia Acatitlan Pyramid-17.jpg,5
Pyramids,Santa Cecilia Acatitlan Pyramid,Pyramids/Santa Cecilia Acatitlan Pyramid/Santa Cecilia Acatitlan Pyramid-14.jpg,5
Pyramids,Santa Cecilia Acatitlan Pyramid,Pyramids/Santa Cecilia Acatitlan Pyramid/Santa Cecilia Acatitlan Pyramid-2.jpg,5
Pyramids,Santa Cecilia Acatitlan Pyramid,Pyramids/Santa Cecilia Acatitlan Pyramid/Santa Cecilia Acatitlan Pyramid-3.jpg,5
Pyramids,Santa Cecilia Acatitlan Pyramid,Pyramids/Santa Cecilia Acatitlan Pyramid/Santa Cecilia Acatitlan Pyramid-1.jpg,5
Pyramids,Santa Cecilia Acatitlan Pyramid,Pyramids/Santa Cecilia Acatitlan Pyramid/Santa Cecilia Acatitlan Pyramid-19.jpg,5
Pyramids,Santa Cecilia Acatitlan Pyramid,Pyramids/Santa Cecilia Acatitlan Pyramid/Santa Cecilia Acatitlan Pyramid-16.jpg,5
Pyramids,Santa Cecilia Acatitlan Pyramid,Pyramids/Santa Cecilia Acatitlan Pyramid/Santa Cecilia Acatitlan Pyramid-11.jpg,5
Pyramids,Santa Cecilia Acatitlan Pyramid,Pyramids/Santa Cecilia Acatitlan Pyramid/Santa Cecilia Acatitlan Pyramid-12.jpg,5
Pyramids,Santa Cecilia Acatitlan Pyramid,Pyramids/Santa Cecilia Acatitlan Pyramid/Santa Cecilia Acatitlan Pyramid-13.jpg,5
Pyramids,Santa Cecilia Acatitlan Pyramid,Pyramids/Santa Cecilia Acatitlan Pyramid/Santa Cecilia Acatitlan Pyramid-7.jpg,5
Pyramids,Santa Cecilia Acatitlan Pyramid,Pyramids/Santa Cecilia Acatitlan Pyramid/Santa Cecilia Acatitlan Pyramid-18.jpg,5
Pyramids,Pyramid of Djoser,Pyramids/Pyramid of Djoser/Pyramid of Djoser-5.jpg,6
Pyramids,Pyramid of Djoser,Pyramids/Pyramid of Djoser/Pyramid of Djoser-6.jpg,6
Pyramids,Pyramid of Djoser,Pyramids/Pyramid of Djoser/Pyramid of Djoser-11.jpg,6
Pyramids,Pyramid of Djoser,Pyramids/Pyramid of Djoser/Pyramid of Djoser-16.jpg,6
Pyramids,Pyramid of Djoser,Pyramids/Pyramid of Djoser/Pyramid of Djoser-3.jpg,6
Pyramids,Pyramid of Djoser,Pyramids/Pyramid of Djoser/Pyramid of Djoser-15.jpg,6
Pyramids,Pyramid of Djoser,Pyramids/Pyramid of Djoser/Pyramid of Djoser-4.jpg,6
Pyramids,Pyramid of Djoser,Pyramids/Pyramid of Djoser/Pyramid of Djoser-8.jpg,6
Pyramids,Pyramid of Djoser,Pyramids/Pyramid of Djoser/Pyramid of Djoser-9.jpg,6
Pyramids,Pyramid of Djoser,Pyramids/Pyramid of Djoser/Pyramid of Djoser-2.jpg,6
Pyramids,Pyramid of Djoser,Pyramids/Pyramid of Djoser/Pyramid of Djoser-12.jpg,6
Pyramids,Pyramid of Djoser,Pyramids/Pyramid of Djoser/Pyramid of Djoser-19.jpg,6
Pyramids,Pyramid of Djoser,Pyramids/Pyramid of Djoser/Pyramid of Djoser-1.jpg,6
Pyramids,Pyramid of Djoser,Pyramids/Pyramid of Djoser/Pyramid of Djoser-18.jpg,6
Pyramids,Pyramid of Giza,Pyramids/Pyramid of Giza/Pyramid of Giza-10.jpg,7
Pyramids,Pyramid of Giza,Pyramids/Pyramid of Giza/Pyramid of Giza-1.jpg,7
Pyramids,Pyramid of Giza,Pyramids/Pyramid of Giza/Pyramid of Giza-7.jpg,7
Pyramids,Pyramid of Giza,Pyramids/Pyramid of Giza/Pyramid of Giza-20.jpg,7
Pyramids,Pyramid of Giza,Pyramids/Pyramid of Giza/Pyramid of Giza-3.jpg,7
Pyramids,Pyramid of Giza,Pyramids/Pyramid of Giza/Pyramid of Giza-6.jpg,7
Pyramids,Pyramid of Giza,Pyramids/Pyramid of Giza/Pyramid of Giza-12.jpg,7
Pyramids,Pyramid of Giza,Pyramids/Pyramid of Giza/Pyramid of Giza-17.jpg,7
Pyramids,Pyramid of Giza,Pyramids/Pyramid of Giza/Pyramid of Giza-13.jpg,7
Pyramids,Pyramid of Giza,Pyramids/Pyramid of Giza/Pyramid of Giza-11.jpg,7
Pyramids,Pyramid of Giza,Pyramids/Pyramid of Giza/Pyramid of Giza-8.JPG,7
Pyramids,Pyramid of Giza,Pyramids/Pyramid of Giza/Pyramid of Giza-16.jpg,7
Pyramids,Pyramid of Giza,Pyramids/Pyramid of Giza/Pyramid of Giza-15.jpg,7
Pyramids,"El Castillo, Chichen Itza","Pyramids/El Castillo, Chichen Itza/El Castillo, Chichen Itza-14.jpg",8
Pyramids,"El Castillo, Chichen Itza","Pyramids/El Castillo, Chichen Itza/El Castillo, Chichen Itza-11.jpg",8
Pyramids,"El Castillo, Chichen Itza","Pyramids/El Castillo, Chichen Itza/El Castillo, Chichen Itza-2.jpg",8
Pyramids,"El Castillo, Chichen Itza","Pyramids/El Castillo, Chichen Itza/El Castillo, Chichen Itza-9.jpg",8
Pyramids,"El Castillo, Chichen Itza","Pyramids/El Castillo, Chichen Itza/El Castillo, Chichen Itza-20.jpg",8
Pyramids,"El Castillo, Chichen Itza","Pyramids/El Castillo, Chichen Itza/El Castillo, Chichen Itza-16.jpg",8
Pyramids,"El Castillo, Chichen Itza","Pyramids/El Castillo, Chichen Itza/El Castillo, Chichen Itza-15.jpg",8
Pyramids,"El Castillo, Chichen Itza","Pyramids/El Castillo, Chichen Itza/El Castillo, Chichen Itza-13.jpg",8
Pyramids,"El Castillo, Chichen Itza","Pyramids/El Castillo, Chichen Itza/El Castillo, Chichen Itza-7.jpg",8
Pyramids,"El Castillo, Chichen Itza","Pyramids/El Castillo, Chichen Itza/El Castillo, Chichen Itza-18.jpg",8
Pyramids,"El Castillo, Chichen Itza","Pyramids/El Castillo, Chichen Itza/El Castillo, Chichen Itza-1.jpg",8
Pyramids,"El Castillo, Chichen Itza","Pyramids/El Castillo, Chichen Itza/El Castillo, Chichen Itza-5.jpg",8
Pyramids,"El Castillo, Chichen Itza","Pyramids/El Castillo, Chichen Itza/El Castillo, Chichen Itza-12.jpg",8
Pyramids,"El Castillo, Chichen Itza","Pyramids/El Castillo, Chichen Itza/El Castillo, Chichen Itza-10.jpg",8
Pyramids,Louvre Pyramid,Pyramids/Louvre Pyramid/Louvre Pyramid-4.jpg,9
Pyramids,Louvre Pyramid,Pyramids/Louvre Pyramid/Louvre Pyramid-16.jpg,9
Pyramids,Louvre Pyramid,Pyramids/Louvre Pyramid/Louvre Pyramid-11.jpg,9
Pyramids,Louvre Pyramid,Pyramids/Louvre Pyramid/Louvre Pyramid-17.jpg,9
Pyramids,Louvre Pyramid,Pyramids/Louvre Pyramid/Louvre Pyramid-7.jpg,9
Pyramids,Louvre Pyramid,Pyramids/Louvre Pyramid/Louvre Pyramid-15.jpg,9
Pyramids,Louvre Pyramid,Pyramids/Louvre Pyramid/Louvre Pyramid-10.jpg,9
Pyramids,Louvre Pyramid,Pyramids/Louvre Pyramid/Louvre Pyramid-5.jpg,9
Pyramids,Louvre Pyramid,Pyramids/Louvre Pyramid/Louvre Pyramid-12.jpg,9
Pyramids,Louvre Pyramid,Pyramids/Louvre Pyramid/Louvre Pyramid-3.jpg,9
Pyramids,Louvre Pyramid,Pyramids/Louvre Pyramid/Louvre Pyramid-8.jpg,9
Pyramids,Louvre Pyramid,Pyramids/Louvre Pyramid/Louvre Pyramid-13.jpg,9
Pyramids,Louvre Pyramid,Pyramids/Louvre Pyramid/Louvre Pyramid-1.jpg,9
Pyramids,Louvre Pyramid,Pyramids/Louvre Pyramid/Louvre Pyramid-21.jpg,9
Pyramids,Louvre Pyramid,Pyramids/Louvre Pyramid/Louvre Pyramid-19.jpg,9
Pyramids,Louvre Pyramid,Pyramids/Louvre Pyramid/Louvre Pyramid-22.jpg,9
Gothic,CologneCathedral,Gothic/CologneCathedral/CologneCathedral1.jpeg,10
Gothic,CologneCathedral,Gothic/CologneCathedral/CologneCathedral16.jpeg,10
Gothic,CologneCathedral,Gothic/CologneCathedral/CologneCathedral5.jpeg,10
Gothic,CologneCathedral,Gothic/CologneCathedral/CologneCathedral17.jpeg,10
Gothic,CologneCathedral,Gothic/CologneCathedral/CologneCathedral14.jpeg,10
Gothic,CologneCathedral,Gothic/CologneCathedral/CologneCathedral10.jpeg,10
Gothic,CologneCathedral,Gothic/CologneCathedral/CologneCathedral7.jpeg,10
Gothic,CologneCathedral,Gothic/CologneCathedral/CologneCathedral6.jpeg,10
Gothic,CologneCathedral,Gothic/CologneCathedral/CologneCathedral2.jpeg,10
Gothic,CologneCathedral,Gothic/CologneCathedral/CologneCathedral8.jpeg,10
Gothic,CologneCathedral,Gothic/CologneCathedral/CologneCathedral12.jpeg,10
Gothic,CologneCathedral,Gothic/CologneCathedral/CologneCathedral0.jpeg,10
Gothic,CologneCathedral,Gothic/CologneCathedral/CologneCathedral19.jpeg,10
Gothic,CologneCathedral,Gothic/CologneCathedral/CologneCathedral15.jpeg,10
Gothic,Notre-DameCathedral,Gothic/Notre-DameCathedral/NotreDameDeParis8.jpeg,11
Gothic,Notre-DameCathedral,Gothic/Notre-DameCathedral/NotreDameDeParis7.jpeg,11
Gothic,Notre-DameCathedral,Gothic/Notre-DameCathedral/NotreDameDeParis15.jpeg,11
Gothic,Notre-DameCathedral,Gothic/Notre-DameCathedral/NotreDameDeParis19.jpeg,11
Gothic,Notre-DameCathedral,Gothic/Notre-DameCathedral/NotreDameDeParis4.jpeg,11
Gothic,Notre-DameCathedral,Gothic/Notre-DameCathedral/NotreDameDeParis12.jpeg,11
Gothic,Notre-DameCathedral,Gothic/Notre-DameCathedral/NotreDameDeParis16.jpeg,11
Gothic,Notre-DameCathedral,Gothic/Notre-DameCathedral/NotreDameDeParis3.jpeg,11
Gothic,Notre-DameCathedral,Gothic/Notre-DameCathedral/NotreDameDeParis2.jpeg,11
Gothic,Notre-DameCathedral,Gothic/Notre-DameCathedral/NotreDameDeParis9.jpeg,11
Gothic,Notre-DameCathedral,Gothic/Notre-DameCathedral/NotreDameDeParis10.jpeg,11
Gothic,Notre-DameCathedral,Gothic/Notre-DameCathedral/NotreDameDeParis13.jpeg,11
Gothic,Notre-DameCathedral,Gothic/Notre-DameCathedral/NotreDameDeParis18.jpeg,11
Gothic,Notre-DameCathedral,Gothic/Notre-DameCathedral/NotreDameDeParis6.jpeg,11
Gothic,St.VitusCathedral,Gothic/St.VitusCathedral/St.VitusCathedral12.jpeg,12
Gothic,St.VitusCathedral,Gothic/St.VitusCathedral/St.VitusCathedral9.jpeg,12
Gothic,St.VitusCathedral,Gothic/St.VitusCathedral/St.VitusCathedral8.jpeg,12
Gothic,St.VitusCathedral,Gothic/St.VitusCathedral/St.VitusCathedral10.jpeg,12
Gothic,St.VitusCathedral,Gothic/St.VitusCathedral/St.VitusCathedral0.jpeg,12
Gothic,St.VitusCathedral,Gothic/St.VitusCathedral/St.VitusCathedral7.jpeg,12
Gothic,St.VitusCathedral,Gothic/St.VitusCathedral/St.VitusCathedral11.jpeg,12
Gothic,St.VitusCathedral,Gothic/St.VitusCathedral/St.VitusCathedral14.jpeg,12
Gothic,St.VitusCathedral,Gothic/St.VitusCathedral/St.VitusCathedral17.jpeg,12
Gothic,St.VitusCathedral,Gothic/St.VitusCathedral/St.VitusCathedral19.jpeg,12
Gothic,St.VitusCathedral,Gothic/St.VitusCathedral/St.VitusCathedral1.jpeg,12
Gothic,St.VitusCathedral,Gothic/St.VitusCathedral/St.VitusCathedral15.jpeg,12
Gothic,St.VitusCathedral,Gothic/St.VitusCathedral/St.VitusCathedral4.jpeg,12
Gothic,St.VitusCathedral,Gothic/St.VitusCathedral/St.VitusCathedral5.jpeg,12
Gothic,ChartresCathedral,Gothic/ChartresCathedral/ChartresCathedral2.jpeg,13
Gothic,ChartresCathedral,Gothic/ChartresCathedral/ChartresCathedral6.jpeg,13
Gothic,ChartresCathedral,Gothic/ChartresCathedral/ChartresCathedral13.jpeg,13
Gothic,ChartresCathedral,Gothic/ChartresCathedral/ChartresCathedral16.jpeg,13
Gothic,ChartresCathedral,Gothic/ChartresCathedral/ChartresCathedral12.jpeg,13
Gothic,ChartresCathedral,Gothic/ChartresCathedral/ChartresCathedral5.jpeg,13
Gothic,ChartresCathedral,Gothic/ChartresCathedral/ChartresCathedral17.jpeg,13
Gothic,ChartresCathedral,Gothic/ChartresCathedral/ChartresCathedral8.jpeg,13
Gothic,ChartresCathedral,Gothic/ChartresCathedral/ChartresCathedral9.jpeg,13
Gothic,ChartresCathedral,Gothic/ChartresCathedral/ChartresCathedral7.jpeg,13
Gothic,ChartresCathedral,Gothic/ChartresCathedral/ChartresCathedral0.jpeg,13
Gothic,ChartresCathedral,Gothic/ChartresCathedral/ChartresCathedral15.jpeg,13
Gothic,ChartresCathedral,Gothic/ChartresCathedral/ChartresCathedral19.jpeg,13
Gothic,ChartresCathedral,Gothic/ChartresCathedral/ChartresCathedral4.jpeg,13
Gothic,MilanCathedral,Gothic/MilanCathedral/MilanCathedral0.jpeg,14
Gothic,MilanCathedral,Gothic/MilanCathedral/MilanCathedral9.jpeg,14
Gothic,MilanCathedral,Gothic/MilanCathedral/MilanCathedral12.jpeg,14
Gothic,MilanCathedral,Gothic/MilanCathedral/MilanCathedral18.jpeg,14
Gothic,MilanCathedral,Gothic/MilanCathedral/MilanCathedral7.jpeg,14
Gothic,MilanCathedral,Gothic/MilanCathedral/MilanCathedral6.jpeg,14
Gothic,MilanCathedral,Gothic/MilanCathedral/MilanCathedral13.jpeg,14
Gothic,MilanCathedral,Gothic/MilanCathedral/MilanCathedral17.jpeg,14
Gothic,MilanCathedral,Gothic/MilanCathedral/MilanCathedral19.jpeg,14
Gothic,MilanCathedral,Gothic/MilanCathedral/MilanCathedral1.jpeg,14
Gothic,MilanCathedral,Gothic/MilanCathedral/MilanCathedral10.jpeg,14
Gothic,MilanCathedral,Gothic/MilanCathedral/MilanCathedral16.jpeg,14
Gothic,MilanCathedral,Gothic/MilanCathedral/MilanCathedral2.jpeg,14
Gothic,MilanCathedral,Gothic/MilanCathedral/MilanCathedral4.jpeg,14
Mughal,Bibi Ka Maqbara,Mughal/Bibi Ka Maqbara/Bibi Ka Maqbara - 15.jpg,15
Mughal,Bibi Ka Maqbara,Mughal/Bibi Ka Maqbara/Bibi Ka Maqbara - 12.jpeg,15
Mughal,Bibi Ka Maqbara,Mughal/Bibi Ka Maqbara/Bibi Ka Maqbara - 18.jpg,15
Mughal,Bibi Ka Maqbara,Mughal/Bibi Ka Maqbara/Bibi Ka Maqbara - 2.jpg,15
Mughal,Bibi Ka Maqbara,Mughal/Bibi Ka Maqbara/Bibi Ka Maqbara - 7.jpeg,15
Mughal,Bibi Ka Maqbara,Mughal/Bibi Ka Maqbara/Bibi Ka Maqbara - 6.jpg,15
Mughal,Bibi Ka Maqbara,Mughal/Bibi Ka Maqbara/Bibi Ka Maqbara - 5.jpg,15
Mughal,Bibi Ka Maqbara,Mughal/Bibi Ka Maqbara/Bibi Ka Maqbara - 13.jpg,15
Mughal,Bibi Ka Maqbara,Mughal/Bibi Ka Maqbara/Bibi Ka Maqbara - 16.jpg,15
Mughal,Bibi Ka Maqbara,Mughal/Bibi Ka Maqbara/Bibi Ka Maqbara - 20.jpg,15
Mughal,Bibi Ka Maqbara,Mughal/Bibi Ka Maqbara/Bibi Ka Maqbara - 4.jpg,15
Mughal,Bibi Ka Maqbara,Mughal/Bibi Ka Maqbara/Bibi Ka Maqbara - 14.jpg,15
Mughal,Bibi Ka Maqbara,Mughal/Bibi Ka Maqbara/Bibi Ka Maqbara - 10.jpg,15
Mughal,Tomb of Akbar,Mughal/Tomb of Akbar/Tomb of Akbar - 3.jpg,16
Mughal,Tomb of Akbar,Mughal/Tomb of Akbar/Tomb of Akbar - 10.jpg,16
Mughal,Tomb of Akbar,Mughal/Tomb of Akbar/Tomb of Akbar - 7.jpg,16
Mughal,Tomb of Akbar,Mughal/Tomb of Akbar/Tomb of Akbar - 18.jpg,16
Mughal,Tomb of Akbar,Mughal/Tomb of Akbar/Tomb of Akbar - 13.jpg,16
Mughal,Tomb of Akbar,Mughal/Tomb of Akbar/Tomb of Akbar - 20.jpg,16
Mughal,Tomb of Akbar,Mughal/Tomb of Akbar/Tomb of Akbar - 14.jpg,16
Mughal,Tomb of Akbar,Mughal/Tomb of Akbar/Tomb of Akbar - 6.jpg,16
Mughal,Tomb of Akbar,Mughal/Tomb of Akbar/Tomb of Akbar - 2.jpg,16
Mughal,Tomb of Akbar,Mughal/Tomb of Akbar/Tomb of Akbar - 8.jpg,16
Mughal,Tomb of Akbar,Mughal/Tomb of Akbar/Tomb of Akbar - 16.jpg,16
Mughal,Tomb of Akbar,Mughal/Tomb of Akbar/Tomb of Akbar - 12.jpg,16
Mughal,Tomb of Akbar,Mughal/Tomb of Akbar/Tomb of Akbar - 17.jpg,16
Mughal,Tomb of Akbar,Mughal/Tomb of Akbar/Tomb of Akbar - 4.jpg,16
Mughal,Jama Masjid,Mughal/Jama Masjid/Jama Masjid - 9.jpg,17
Mughal,Jama Masjid,Mughal/Jama Masjid/Jama Masjid - 6.jpg,17
Mughal,Jama Masjid,Mughal/Jama Masjid/Jama Masjid - 17.jpg,17
Mughal,Jama Masjid,Mughal/Jama Masjid/Jama Masjid - 12.jpg,17
Mughal,Jama Masjid,Mughal/Jama Masjid/Jama Masjid - 15.jpg,17
Mughal,Jama Masjid,Mughal/Jama Masjid/Jama Masjid - 11.jpg,17
Mughal,Jama Masjid,Mughal/Jama Masjid/Jama Masjid - 4.jpg,17
Mughal,Jama Masjid,Mughal/Jama Masjid/Jama Masjid - 20.jpg,17
Mughal,Jama Masjid,Mughal/Jama Masjid/Jama Masjid - 16.jpg,17
Mughal,Jama Masjid,Mughal/Jama Masjid/Jama Masjid - 2.jpg,17
Mughal,Jama Masjid,Mughal/Jama Masjid/Jama Masjid - 5.jpg,17
Mughal,Jama Masjid,Mughal/Jama Masjid/Jama Masjid - 19.jpg,17
Mughal,Jama Masjid,Mughal/Jama Masjid/Jama Masjid - 13.jpg,17
Mughal,Jama Masjid,Mughal/Jama Masjid/Jama Masjid - 7.jpg,17
Mughal,Tomb of I_timad-ud-Daulah,Mughal/Tomb of I_timad-ud-Daulah/Tomb of I_timad-ud-Daulah - 16.jpg,18
Mughal,Tomb of I_timad-ud-Daulah,Mughal/Tomb of I_timad-ud-Daulah/Tomb of I_timad-ud-Daulah - 11.jpg,18
Mughal,Tomb of I_timad-ud-Daulah,Mughal/Tomb of I_timad-ud-Daulah/Tomb of I_timad-ud-Daulah - 4.jpg,18
Mughal,Tomb of I_timad-ud-Daulah,Mughal/Tomb of I_timad-ud-Daulah/Tomb of I_timad-ud-Daulah - 5.jpg,18
Mughal,Tomb of I_timad-ud-Daulah,Mughal/Tomb of I_timad-ud-Daulah/Tomb of I_timad-ud-Daulah - 20.jpg,18
Mughal,Tomb of I_timad-ud-Daulah,Mughal/Tomb of I_timad-ud-Daulah/Tomb of I_timad-ud-Daulah - 6.jpg,18
Mughal,Tomb of I_timad-ud-Daulah,Mughal/Tomb of I_timad-ud-Daulah/Tomb of I_timad-ud-Daulah - 7.png,18
Mughal,Tomb of I_timad-ud-Daulah,Mughal/Tomb of I_timad-ud-Daulah/Tomb of I_timad-ud-Daulah - 12.jpg,18
Mughal,Tomb of I_timad-ud-Daulah,Mughal/Tomb of I_timad-ud-Daulah/Tomb of I_timad-ud-Daulah - 15.jpg,18
Mughal,Tomb of I_timad-ud-Daulah,Mughal/Tomb of I_timad-ud-Daulah/Tomb of I_timad-ud-Daulah - 9.jpeg,18
Mughal,Tomb of I_timad-ud-Daulah,Mughal/Tomb of I_timad-ud-Daulah/Tomb of I_timad-ud-Daulah - 18.jpeg,18
Mughal,Tomb of I_timad-ud-Daulah,Mughal/Tomb of I_timad-ud-Daulah/Tomb of I_timad-ud-Daulah - 1.jpg,18
Mughal,Tomb of I_timad-ud-Daulah,Mughal/Tomb of I_timad-ud-Daulah/Tomb of I_timad-ud-Daulah - 3.jpg,18
Mughal,Tomb of I_timad-ud-Daulah,Mughal/Tomb of I_timad-ud-Daulah/Tomb of I_timad-ud-Daulah - 8.jpg,18
Mughal,Taj Mahal,Mughal/Taj Mahal/Taj Mahal - 11.jpg,19
Mughal,Taj Mahal,Mughal/Taj Mahal/Taj Mahal - 17.jpg,19
Mughal,Taj Mahal,Mughal/Taj Mahal/Taj Mahal - 7.jpeg,19
Mughal,Taj Mahal,Mughal/Taj Mahal/Taj Mahal - 1.jpg,19
Mughal,Taj Mahal,Mughal/Taj Mahal/Taj Mahal - 19.jpg,19
Mughal,Taj Mahal,Mughal/Taj Mahal/Taj Mahal - 5.jpg,19
Mughal,Taj Mahal,Mughal/Taj Mahal/Taj Mahal - 16.jpg,19
Mughal,Taj Mahal,Mughal/Taj Mahal/Taj Mahal - 2.jpg,19
Mughal,Taj Mahal,Mughal/Taj Mahal/Taj Mahal - 12.jpg,19
Mughal,Taj Mahal,Mughal/Taj Mahal/Taj Mahal - 18.jpg,19
Mughal,Taj Mahal,Mughal/Taj Mahal/Taj Mahal - 15.jpg,19
Mughal,Taj Mahal,Mughal/Taj Mahal/Taj Mahal - 10.jpg,19
Mughal,Taj Mahal,Mughal/Taj Mahal/Taj Mahal - 4.jpg,19
Mughal,Taj Mahal,Mughal/Taj Mahal/Taj Mahal - 8.jpg,19
Neoclassical,Concertgebouw,Neoclassical/Concertgebouw/Concertgebouw - 8.jpg,20
Neoclassical,Concertgebouw,Neoclassical/Concertgebouw/Concertgebouw - 9.jpg,20
Neoclassical,Concertgebouw,Neoclassical/Concertgebouw/Concertgebouw - 4.jpeg,20
Neoclassical,Concertgebouw,Neoclassical/Concertgebouw/Concertgebouw - 18.jpg,20
Neoclassical,Concertgebouw,Neoclassical/Concertgebouw/Concertgebouw - 20.jpg,20
Neoclassical,Concertgebouw,Neoclassical/Concertgebouw/Concertgebouw - 6.jpg,20
Neoclassical,Concertgebouw,Neoclassical/Concertgebouw/Concertgebouw - 17.jpg,20
Neoclassical,Concertgebouw,Neoclassical/Concertgebouw/Concertgebouw - 1.jpg,20
Neoclassical,Concertgebouw,Neoclassical/Concertgebouw/Concertgebouw - 3.jpg,20
Neoclassical,Concertgebouw,Neoclassical/Concertgebouw/Concertgebouw - 11.jpg,20
Neoclassical,Concertgebouw,Neoclassical/Concertgebouw/Concertgebouw - 10.jpg,20
Neoclassical,Concertgebouw,Neoclassical/Concertgebouw/Concertgebouw - 14.jpg,20
Neoclassical,Concertgebouw,Neoclassical/Concertgebouw/Concertgebouw - 5.jpg,20
Neoclassical,Concertgebouw,Neoclassical/Concertgebouw/Concertgebouw - 15.jpg,20
Neoclassical,Buckingham Palace,Neoclassical/Buckingham Palace/Buckingham Palace_5.jpeg,21
Neoclassical,Buckingham Palace,Neoclassical/Buckingham Palace/Buckingham Palace_14.jpeg,21
Neoclassical,Buckingham Palace,Neoclassical/Buckingham Palace/Buckingham Palace_20.jpeg,21
Neoclassical,Buckingham Palace,Neoclassical/Buckingham Palace/Buckingham Palace_7.jpeg,21
Neoclassical,Buckingham Palace,Neoclassical/Buckingham Palace/Buckingham Palace_16.jpeg,21
Neoclassical,Buckingham Palace,Neoclassical/Buckingham Palace/Buckingham Palace_17.jpeg,21
Neoclassical,Buckingham Palace,Neoclassical/Buckingham Palace/Buckingham Palace_13.jpeg,21
Neoclassical,Buckingham Palace,Neoclassical/Buckingham Palace/Buckingham Palace_6.jpeg,21
Neoclassical,Buckingham Palace,Neoclassical/Buckingham Palace/Buckingham Palace_19.jpg,21
Neoclassical,Buckingham Palace,Neoclassical/Buckingham Palace/Buckingham Palace_12.jpeg,21
Neoclassical,Buckingham Palace,Neoclassical/Buckingham Palace/Buckingham Palace_4.jpeg,21
Neoclassical,Buckingham Palace,Neoclassical/Buckingham Palace/Buckingham Palace_2.jpeg,21
Neoclassical,Buckingham Palace,Neoclassical/Buckingham Palace/Buckingham Palace_10.jpeg,21
Neoclassical,Buckingham Palace,Neoclassical/Buckingham Palace/Buckingham Palace_1.jpg,21
Neoclassical,Ripon Building,Neoclassical/Ripon Building/Ripon Building - 16.jpg,22
Neoclassical,Ripon Building,Neoclassical/Ripon Building/Ripon Building - 13.jpg,22
Neoclassical,Ripon Building,Neoclassical/Ripon Building/Ripon Building - 17.jpg,22
Neoclassical,Ripon Building,Neoclassical/Ripon Building/Ripon Building - 18.jpeg,22
Neoclassical,Ripon Building,Neoclassical/Ripon Building/Ripon Building - 4.jpg,22
Neoclassical,Ripon Building,Neoclassical/Ripon Building/Ripon Building - 15.jpeg,22
Neoclassical,Ripon Building,Neoclassical/Ripon Building/Ripon Building - 5.jpg,22
Neoclassical,Ripon Building,Neoclassical/Ripon Building/Ripon Building - 10.jpg,22
Neoclassical,Ripon Building,Neoclassical/Ripon Building/Ripon Building - 6.jpg,22
Neoclassical,Ripon Building,Neoclassical/Ripon Building/Ripon Building - 1.jpg,22
Neoclassical,Ripon Building,Neoclassical/Ripon Building/Ripon Building - 9.jpg,22
Neoclassical,Ripon Building,Neoclassical/Ripon Building/Ripon Building - 14.jpg,22
Neoclassical,Ripon Building,Neoclassical/Ripon Building/Ripon Building - 2.jpg,22
Neoclassical,Ripon Building,Neoclassical/Ripon Building/Ripon Building - 8.jpg,22
Neoclassical,Academy of Athens,Neoclassical/Academy of Athens/Academy of Athens - 15.jpg,23
Neoclassical,Academy of Athens,Neoclassical/Academy of Athens/Academy of Athens - 14.jpg,23
Neoclassical,Academy of Athens,Neoclassical/Academy of Athens/Academy of Athens - 13.jpg,23
Neoclassical,Academy of Athens,Neoclassical/Academy of Athens/Academy of Athens - 17.jpeg,23
Neoclassical,Academy of Athens,Neoclassical/Academy of Athens/Academy of Athens - 12.jpg,23
Neoclassical,Academy of Athens,Neoclassical/Academy of Athens/Academy of Athens - 8.jpg,23
Neoclassical,Academy of Athens,Neoclassical/Academy of Athens/Academy of Athens - 5.jpg,23
Neoclassical,Academy of Athens,Neoclassical/Academy of Athens/Academy of Athens - 1.jpg,23
Neoclassical,Academy of Athens,Neoclassical/Academy of Athens/Academy of Athens - 10.jpg,23
Neoclassical,Academy of Athens,Neoclassical/Academy of Athens/Academy of Athens - 7.jpg,23
Neoclassical,Academy of Athens,Neoclassical/Academy of Athens/Academy of Athens - 9.jpg,23
Neoclassical,Academy of Athens,Neoclassical/Academy of Athens/Academy of Athens - 3.jpg,23
Neoclassical,Academy of Athens,Neoclassical/Academy of Athens/Academy of Athens - 20.jpg,23
Neoclassical,Academy of Athens,Neoclassical/Academy of Athens/Academy of Athens - 6.jpg,23
Neoclassical,Panth�on,Neoclassical/Panth�on/Panth�on_6.jpeg,24
Neoclassical,Panth�on,Neoclassical/Panth�on/Panth�on_7.jpeg,24
Neoclassical,Panth�on,Neoclassical/Panth�on/Panth�on_1.jpeg,24
Neoclassical,Panth�on,Neoclassical/Panth�on/Panth�on_4.jpg,24
Neoclassical,Panth�on,Neoclassical/Panth�on/Panth�on_12.jpeg,24
Neoclassical,Panth�on,Neoclassical/Panth�on/Panth�on_10.jpeg,24
Neoclassical,Panth�on,Neoclassical/Panth�on/Panth�on_15.jpeg,24
Neoclassical,Panth�on,Neoclassical/Panth�on/Panth�on_5.jpeg,24
Neoclassical,Panth�on,Neoclassical/Panth�on/Panth�on_13.jpeg,24
Neoclassical,Panth�on,Neoclassical/Panth�on/Panth�on_17.jpeg,24
Neoclassical,Panth�on,Neoclassical/Panth�on/Panth�on_2.jpg,24
Neoclassical,Panth�on,Neoclassical/Panth�on/Panth�on_8.jpeg,24
Neoclassical,Panth�on,Neoclassical/Panth�on/Panth�on_9.jpeg,24
Neoclassical,Panth�on,Neoclassical/Panth�on/Panth�on_16.jpeg,24
Modern,CCTV Headquarters,Modern/CCTV Headquarters/CCTV Headquarters-3.jpeg,25
Modern,CCTV Headquarters,Modern/CCTV Headquarters/CCTV Headquarters-4.jpeg,25
Modern,CCTV Headquarters,Modern/CCTV Headquarters/CCTV Headquarters-16.jpeg,25
Modern,CCTV Headquarters,Modern/CCTV Headquarters/CCTV Headquarters-19.jpg,25
Modern,CCTV Headquarters,Modern/CCTV Headquarters/CCTV Headquarters-11.jpeg,25
Modern,CCTV Headquarters,Modern/CCTV Headquarters/CCTV Headquarters-10.jpeg,25
Modern,CCTV Headquarters,Modern/CCTV Headquarters/CCTV Headquarters-13.jpeg,25
Modern,CCTV Headquarters,Modern/CCTV Headquarters/CCTV Headquarters-17.jpeg,25
Modern,CCTV Headquarters,Modern/CCTV Headquarters/CCTV Headquarters-2.jpg,25
Modern,CCTV Headquarters,Modern/CCTV Headquarters/CCTV Headquarters-6.jpeg,25
Modern,CCTV Headquarters,Modern/CCTV Headquarters/CCTV Headquarters-12.jpeg,25
Modern,CCTV Headquarters,Modern/CCTV Headquarters/CCTV Headquarters-14.jpeg,25
Modern,CCTV Headquarters,Modern/CCTV Headquarters/CCTV Headquarters-8.jpeg,25
Modern,CCTV Headquarters,Modern/CCTV Headquarters/CCTV Headquarters-9.jpeg,25
Modern,eiffel,Modern/eiffel/eiffel-10.jpg,26
Modern,eiffel,Modern/eiffel/eiffel-15.jpg,26
Modern,eiffel,Modern/eiffel/eiffel-12.jpg,26
Modern,eiffel,Modern/eiffel/eiffel-13.jpg,26
Modern,eiffel,Modern/eiffel/eiffel-2.jpeg,26
Modern,eiffel,Modern/eiffel/eiffel-3.jpeg,26
Modern,eiffel,Modern/eiffel/eiffel-7.jpg,26
Modern,eiffel,Modern/eiffel/eiffel-14.jpeg,26
Modern,eiffel,Modern/eiffel/eiffel-8.jpeg,26
Modern,eiffel,Modern/eiffel/eiffel-9.jpg,26
Modern,eiffel,Modern/eiffel/eiffel-18.jpeg,26
Modern,eiffel,Modern/eiffel/eiffel-4.jpg,26
Modern,eiffel,Modern/eiffel/eiffel-17.jpg,26
Modern,eiffel,Modern/eiffel/eiffel-5.jpeg,26
Modern,Cathedral of Bras�lia,Modern/Cathedral of Bras�lia/Cathedral of Bras�lia-11.jpeg,27
Modern,Cathedral of Bras�lia,Modern/Cathedral of Bras�lia/Cathedral of Bras�lia-12.jpeg,27
Modern,Cathedral of Bras�lia,Modern/Cathedral of Bras�lia/Cathedral of Bras�lia-20.jpeg,27
Modern,Cathedral of Bras�lia,Modern/Cathedral of Bras�lia/Cathedral of Bras�lia-9.jpg,27
Modern,Cathedral of Bras�lia,Modern/Cathedral of Bras�lia/Cathedral of Bras�lia-17.jpg,27
Modern,Cathedral of Bras�lia,Modern/Cathedral of Bras�lia/Cathedral of Bras�lia-15.jpg,27
Modern,Cathedral of Bras�lia,Modern/Cathedral of Bras�lia/Cathedral of Bras�lia-10.jpeg,27
Modern,Cathedral of Bras�lia,Modern/Cathedral of Bras�lia/Cathedral of Bras�lia-2.jpg,27
Modern,Cathedral of Bras�lia,Modern/Cathedral of Bras�lia/Cathedral of Bras�lia-16.jpeg,27
Modern,Cathedral of Bras�lia,Modern/Cathedral of Bras�lia/Cathedral of Bras�lia-18.jpeg,27
Modern,Cathedral of Bras�lia,Modern/Cathedral of Bras�lia/Cathedral of Bras�lia-19.jpg,27
Modern,Cathedral of Bras�lia,Modern/Cathedral of Bras�lia/Cathedral of Bras�lia-8.jpeg,27
Modern,Cathedral of Bras�lia,Modern/Cathedral of Bras�lia/Cathedral of Bras�lia-5.jpeg,27
Modern,Cathedral of Bras�lia,Modern/Cathedral of Bras�lia/Cathedral of Bras�lia-1.jpeg,27
Modern,Hallgr�mskirkja,Modern/Hallgr�mskirkja/Hallgr�mskirkja-3.jpeg,28
Modern,Hallgr�mskirkja,Modern/Hallgr�mskirkja/Hallgr�mskirkja-8.jpeg,28
Modern,Hallgr�mskirkja,Modern/Hallgr�mskirkja/Hallgr�mskirkja-12.jpeg,28
Modern,Hallgr�mskirkja,Modern/Hallgr�mskirkja/Hallgr�mskirkja-7.jpg,28
Modern,Hallgr�mskirkja,Modern/Hallgr�mskirkja/Hallgr�mskirkja-20.jpg,28
Modern,Hallgr�mskirkja,Modern/Hallgr�mskirkja/Hallgr�mskirkja-11.jpeg,28
Modern,Hallgr�mskirkja,Modern/Hallgr�mskirkja/Hallgr�mskirkja-14.jpeg,28
Modern,Hallgr�mskirkja,Modern/Hallgr�mskirkja/Hallgr�mskirkja-17.jpg,28
Modern,Hallgr�mskirkja,Modern/Hallgr�mskirkja/Hallgr�mskirkja-9.jpeg,28
Modern,Hallgr�mskirkja,Modern/Hallgr�mskirkja/Hallgr�mskirkja-1.jpg,28
Modern,Hallgr�mskirkja,Modern/Hallgr�mskirkja/Hallgr�mskirkja-6.jpeg,28
Modern,Hallgr�mskirkja,Modern/Hallgr�mskirkja/Hallgr�mskirkja-19.jpeg,28
Modern,Hallgr�mskirkja,Modern/Hallgr�mskirkja/Hallgr�mskirkja-16.jpeg,28
Modern,Hallgr�mskirkja,Modern/Hallgr�mskirkja/Hallgr�mskirkja-2.jpeg,28
Modern,Chrysler Building,Modern/Chrysler Building/Chrysler Building-20.jpg,29
Modern,Chrysler Building,Modern/Chrysler Building/Chrysler Building-12.jpeg,29
Modern,Chrysler Building,Modern/Chrysler Building/Chrysler Building-3.jpeg,29
Modern,Chrysler Building,Modern/Chrysler Building/Chrysler Building-18.jpg,29
Modern,Chrysler Building,Modern/Chrysler Building/Chrysler Building-10.jpeg,29
Modern,Chrysler Building,Modern/Chrysler Building/Chrysler Building-19.jpeg,29
Modern,Chrysler Building,Modern/Chrysler Building/Chrysler Building-11.jpeg,29
Modern,Chrysler Building,Modern/Chrysler Building/Chrysler Building-14.jpeg,29
Modern,Chrysler Building,Modern/Chrysler Building/Chrysler Building-1.jpeg,29
Modern,Chrysler Building,Modern/Chrysler Building/Chrysler Building-8.jpg,29
Modern,Chrysler Building,Modern/Chrysler Building/Chrysler Building-15.jpeg,29
Modern,Chrysler Building,Modern/Chrysler Building/Chrysler Building-5.jpg,29
Modern,Chrysler Building,Modern/Chrysler Building/Chrysler Building-7.jpeg,29
Modern,Chrysler Building,Modern/Chrysler Building/Chrysler Building-17.jpeg,29
